Epoch,Accuracy,Test_Accuracy,stat_FIM,emp_FIM,flat_FIM,y_pred_avg,y_pred_max,y_pred_min,y_pred_label
0,0.0,0.0,0,0,0,,,,
1,0.2669599950313568,0.29170000553131104,"tf.Tensor(447.9623, shape=(), dtype=float32)","tf.Tensor(636.49097, shape=(), dtype=float32)","tf.Tensor(711.9714, shape=(), dtype=float32)","tf.Tensor(0.30911773, shape=(), dtype=float32)","tf.Tensor(0.30911773, shape=(), dtype=float32)","tf.Tensor(0.008597704, shape=(), dtype=float32)","tf.Tensor(0.09813589, shape=(), dtype=float32)"
2,0.41714000701904297,0.44110000133514404,"tf.Tensor(536.7275, shape=(), dtype=float32)","tf.Tensor(549.33905, shape=(), dtype=float32)","tf.Tensor(1270.5597, shape=(), dtype=float32)","tf.Tensor(0.45903176, shape=(), dtype=float32)","tf.Tensor(0.45903176, shape=(), dtype=float32)","tf.Tensor(0.005525714, shape=(), dtype=float32)","tf.Tensor(0.10114815, shape=(), dtype=float32)"
3,0.47832000255584717,0.4542999863624573,"tf.Tensor(572.87213, shape=(), dtype=float32)","tf.Tensor(649.3644, shape=(), dtype=float32)","tf.Tensor(1448.2194, shape=(), dtype=float32)","tf.Tensor(0.47387996, shape=(), dtype=float32)","tf.Tensor(0.47387996, shape=(), dtype=float32)","tf.Tensor(0.0034861146, shape=(), dtype=float32)","tf.Tensor(0.10060005, shape=(), dtype=float32)"
4,0.5142999887466431,0.519599974155426,"tf.Tensor(672.637, shape=(), dtype=float32)","tf.Tensor(683.3053, shape=(), dtype=float32)","tf.Tensor(1760.2036, shape=(), dtype=float32)","tf.Tensor(0.53372055, shape=(), dtype=float32)","tf.Tensor(0.53372055, shape=(), dtype=float32)","tf.Tensor(0.0027756195, shape=(), dtype=float32)","tf.Tensor(0.10124797, shape=(), dtype=float32)"
5,0.5487800240516663,0.5098999738693237,"tf.Tensor(756.77826, shape=(), dtype=float32)","tf.Tensor(849.18274, shape=(), dtype=float32)","tf.Tensor(2060.0244, shape=(), dtype=float32)","tf.Tensor(0.53671443, shape=(), dtype=float32)","tf.Tensor(0.53671443, shape=(), dtype=float32)","tf.Tensor(0.0017683695, shape=(), dtype=float32)","tf.Tensor(0.099413656, shape=(), dtype=float32)"
6,0.5792800188064575,0.5570999979972839,"tf.Tensor(715.4217, shape=(), dtype=float32)","tf.Tensor(738.9127, shape=(), dtype=float32)","tf.Tensor(2075.4158, shape=(), dtype=float32)","tf.Tensor(0.5637242, shape=(), dtype=float32)","tf.Tensor(0.5637242, shape=(), dtype=float32)","tf.Tensor(0.0019893078, shape=(), dtype=float32)","tf.Tensor(0.099812984, shape=(), dtype=float32)"
7,0.603600025177002,0.5530999898910522,"tf.Tensor(715.8894, shape=(), dtype=float32)","tf.Tensor(804.62115, shape=(), dtype=float32)","tf.Tensor(2353.8618, shape=(), dtype=float32)","tf.Tensor(0.5991019, shape=(), dtype=float32)","tf.Tensor(0.5991019, shape=(), dtype=float32)","tf.Tensor(0.0020060502, shape=(), dtype=float32)","tf.Tensor(0.10036875, shape=(), dtype=float32)"
8,0.6222800016403198,0.5877000093460083,"tf.Tensor(797.79376, shape=(), dtype=float32)","tf.Tensor(873.88727, shape=(), dtype=float32)","tf.Tensor(2689.9272, shape=(), dtype=float32)","tf.Tensor(0.6084485, shape=(), dtype=float32)","tf.Tensor(0.6084485, shape=(), dtype=float32)","tf.Tensor(0.0009095572, shape=(), dtype=float32)","tf.Tensor(0.099531434, shape=(), dtype=float32)"
9,0.6412799954414368,0.5764999985694885,"tf.Tensor(827.49677, shape=(), dtype=float32)","tf.Tensor(852.23535, shape=(), dtype=float32)","tf.Tensor(2866.9246, shape=(), dtype=float32)","tf.Tensor(0.62318784, shape=(), dtype=float32)","tf.Tensor(0.62318784, shape=(), dtype=float32)","tf.Tensor(0.0014878582, shape=(), dtype=float32)","tf.Tensor(0.10061138, shape=(), dtype=float32)"
10,0.6570000052452087,0.6193000078201294,"tf.Tensor(939.6795, shape=(), dtype=float32)","tf.Tensor(863.5225, shape=(), dtype=float32)","tf.Tensor(3171.2378, shape=(), dtype=float32)","tf.Tensor(0.6465004, shape=(), dtype=float32)","tf.Tensor(0.6465004, shape=(), dtype=float32)","tf.Tensor(0.0012040773, shape=(), dtype=float32)","tf.Tensor(0.10120392, shape=(), dtype=float32)"
11,0.6686199903488159,0.6488999724388123,"tf.Tensor(891.6892, shape=(), dtype=float32)","tf.Tensor(843.893, shape=(), dtype=float32)","tf.Tensor(3456.933, shape=(), dtype=float32)","tf.Tensor(0.65802795, shape=(), dtype=float32)","tf.Tensor(0.65802795, shape=(), dtype=float32)","tf.Tensor(0.0008254826, shape=(), dtype=float32)","tf.Tensor(0.09994167, shape=(), dtype=float32)"
12,0.6861799955368042,0.6251999735832214,"tf.Tensor(844.75555, shape=(), dtype=float32)","tf.Tensor(870.919, shape=(), dtype=float32)","tf.Tensor(3274.844, shape=(), dtype=float32)","tf.Tensor(0.656093, shape=(), dtype=float32)","tf.Tensor(0.656093, shape=(), dtype=float32)","tf.Tensor(0.0007858323, shape=(), dtype=float32)","tf.Tensor(0.099448115, shape=(), dtype=float32)"
13,0.6969000101089478,0.6538000106811523,"tf.Tensor(955.34, shape=(), dtype=float32)","tf.Tensor(911.58954, shape=(), dtype=float32)","tf.Tensor(4133.351, shape=(), dtype=float32)","tf.Tensor(0.6946471, shape=(), dtype=float32)","tf.Tensor(0.6946471, shape=(), dtype=float32)","tf.Tensor(0.00061740505, shape=(), dtype=float32)","tf.Tensor(0.100528196, shape=(), dtype=float32)"
14,0.7067000269889832,0.6521999835968018,"tf.Tensor(937.48773, shape=(), dtype=float32)","tf.Tensor(909.11316, shape=(), dtype=float32)","tf.Tensor(4023.2246, shape=(), dtype=float32)","tf.Tensor(0.6842827, shape=(), dtype=float32)","tf.Tensor(0.6842827, shape=(), dtype=float32)","tf.Tensor(0.00080699555, shape=(), dtype=float32)","tf.Tensor(0.10022047, shape=(), dtype=float32)"
15,0.7192400097846985,0.6759999990463257,"tf.Tensor(914.8555, shape=(), dtype=float32)","tf.Tensor(906.0922, shape=(), dtype=float32)","tf.Tensor(4160.952, shape=(), dtype=float32)","tf.Tensor(0.704631, shape=(), dtype=float32)","tf.Tensor(0.704631, shape=(), dtype=float32)","tf.Tensor(0.0005597929, shape=(), dtype=float32)","tf.Tensor(0.10024606, shape=(), dtype=float32)"
16,0.7299799919128418,0.6712999939918518,"tf.Tensor(960.9858, shape=(), dtype=float32)","tf.Tensor(941.20123, shape=(), dtype=float32)","tf.Tensor(4406.959, shape=(), dtype=float32)","tf.Tensor(0.7099358, shape=(), dtype=float32)","tf.Tensor(0.7099358, shape=(), dtype=float32)","tf.Tensor(0.00043559397, shape=(), dtype=float32)","tf.Tensor(0.100231126, shape=(), dtype=float32)"
17,0.7379000186920166,0.6833999752998352,"tf.Tensor(989.61816, shape=(), dtype=float32)","tf.Tensor(949.64557, shape=(), dtype=float32)","tf.Tensor(4953.1167, shape=(), dtype=float32)","tf.Tensor(0.7253715, shape=(), dtype=float32)","tf.Tensor(0.7253715, shape=(), dtype=float32)","tf.Tensor(0.00034198826, shape=(), dtype=float32)","tf.Tensor(0.099960126, shape=(), dtype=float32)"
18,0.7467600107192993,0.6972000002861023,"tf.Tensor(1005.5482, shape=(), dtype=float32)","tf.Tensor(932.57654, shape=(), dtype=float32)","tf.Tensor(5894.915, shape=(), dtype=float32)","tf.Tensor(0.7492642, shape=(), dtype=float32)","tf.Tensor(0.7492642, shape=(), dtype=float32)","tf.Tensor(0.0003599006, shape=(), dtype=float32)","tf.Tensor(0.10056467, shape=(), dtype=float32)"
19,0.755299985408783,0.6805999875068665,"tf.Tensor(1061.5768, shape=(), dtype=float32)","tf.Tensor(995.94794, shape=(), dtype=float32)","tf.Tensor(5504.683, shape=(), dtype=float32)","tf.Tensor(0.73531985, shape=(), dtype=float32)","tf.Tensor(0.73531985, shape=(), dtype=float32)","tf.Tensor(0.000355832, shape=(), dtype=float32)","tf.Tensor(0.10024456, shape=(), dtype=float32)"
20,0.7627999782562256,0.6880999803543091,"tf.Tensor(925.86725, shape=(), dtype=float32)","tf.Tensor(962.97284, shape=(), dtype=float32)","tf.Tensor(5937.2725, shape=(), dtype=float32)","tf.Tensor(0.75312644, shape=(), dtype=float32)","tf.Tensor(0.75312644, shape=(), dtype=float32)","tf.Tensor(0.00038227046, shape=(), dtype=float32)","tf.Tensor(0.10070415, shape=(), dtype=float32)"
21,0.7710800170898438,0.6675000190734863,"tf.Tensor(1093.3989, shape=(), dtype=float32)","tf.Tensor(1134.4132, shape=(), dtype=float32)","tf.Tensor(6119.799, shape=(), dtype=float32)","tf.Tensor(0.7438777, shape=(), dtype=float32)","tf.Tensor(0.7438777, shape=(), dtype=float32)","tf.Tensor(0.00029470862, shape=(), dtype=float32)","tf.Tensor(0.10007917, shape=(), dtype=float32)"
22,0.7793400287628174,0.680899977684021,"tf.Tensor(1142.6271, shape=(), dtype=float32)","tf.Tensor(1196.5764, shape=(), dtype=float32)","tf.Tensor(7449.3267, shape=(), dtype=float32)","tf.Tensor(0.77053183, shape=(), dtype=float32)","tf.Tensor(0.77053183, shape=(), dtype=float32)","tf.Tensor(0.00033230992, shape=(), dtype=float32)","tf.Tensor(0.10111155, shape=(), dtype=float32)"
23,0.7887399792671204,0.7041000127792358,"tf.Tensor(1162.2529, shape=(), dtype=float32)","tf.Tensor(985.30096, shape=(), dtype=float32)","tf.Tensor(7260.4697, shape=(), dtype=float32)","tf.Tensor(0.77926576, shape=(), dtype=float32)","tf.Tensor(0.77926576, shape=(), dtype=float32)","tf.Tensor(0.00021299711, shape=(), dtype=float32)","tf.Tensor(0.10069839, shape=(), dtype=float32)"
24,0.7954999804496765,0.6953999996185303,"tf.Tensor(1233.1896, shape=(), dtype=float32)","tf.Tensor(1086.1924, shape=(), dtype=float32)","tf.Tensor(8254.48, shape=(), dtype=float32)","tf.Tensor(0.7896941, shape=(), dtype=float32)","tf.Tensor(0.7896941, shape=(), dtype=float32)","tf.Tensor(0.00013246413, shape=(), dtype=float32)","tf.Tensor(0.100445434, shape=(), dtype=float32)"
25,0.803380012512207,0.6917999982833862,"tf.Tensor(1193.6958, shape=(), dtype=float32)","tf.Tensor(1117.6077, shape=(), dtype=float32)","tf.Tensor(8323.727, shape=(), dtype=float32)","tf.Tensor(0.795183, shape=(), dtype=float32)","tf.Tensor(0.795183, shape=(), dtype=float32)","tf.Tensor(0.00013883604, shape=(), dtype=float32)","tf.Tensor(0.10050135, shape=(), dtype=float32)"
26,0.8083800077438354,0.7037000060081482,"tf.Tensor(1113.2445, shape=(), dtype=float32)","tf.Tensor(1011.34076, shape=(), dtype=float32)","tf.Tensor(8449.224, shape=(), dtype=float32)","tf.Tensor(0.800317, shape=(), dtype=float32)","tf.Tensor(0.800317, shape=(), dtype=float32)","tf.Tensor(0.0001579521, shape=(), dtype=float32)","tf.Tensor(0.100460336, shape=(), dtype=float32)"
27,0.8187999725341797,0.6880000233650208,"tf.Tensor(1246.8262, shape=(), dtype=float32)","tf.Tensor(1180.588, shape=(), dtype=float32)","tf.Tensor(9150.369, shape=(), dtype=float32)","tf.Tensor(0.7994612, shape=(), dtype=float32)","tf.Tensor(0.7994612, shape=(), dtype=float32)","tf.Tensor(0.000119581375, shape=(), dtype=float32)","tf.Tensor(0.099399224, shape=(), dtype=float32)"
28,0.8216000199317932,0.6894999742507935,"tf.Tensor(1310.2823, shape=(), dtype=float32)","tf.Tensor(1197.3615, shape=(), dtype=float32)","tf.Tensor(9714.27, shape=(), dtype=float32)","tf.Tensor(0.7975804, shape=(), dtype=float32)","tf.Tensor(0.7975804, shape=(), dtype=float32)","tf.Tensor(0.00013075053, shape=(), dtype=float32)","tf.Tensor(0.10032953, shape=(), dtype=float32)"
29,0.82778000831604,0.6881999969482422,"tf.Tensor(1313.5953, shape=(), dtype=float32)","tf.Tensor(1249.0588, shape=(), dtype=float32)","tf.Tensor(10340.038, shape=(), dtype=float32)","tf.Tensor(0.8191212, shape=(), dtype=float32)","tf.Tensor(0.8191212, shape=(), dtype=float32)","tf.Tensor(8.7309556e-05, shape=(), dtype=float32)","tf.Tensor(0.09979716, shape=(), dtype=float32)"
30,0.8358399868011475,0.7006999850273132,"tf.Tensor(1331.6373, shape=(), dtype=float32)","tf.Tensor(1233.5437, shape=(), dtype=float32)","tf.Tensor(11421.752, shape=(), dtype=float32)","tf.Tensor(0.8325313, shape=(), dtype=float32)","tf.Tensor(0.8325313, shape=(), dtype=float32)","tf.Tensor(0.00010437719, shape=(), dtype=float32)","tf.Tensor(0.100494154, shape=(), dtype=float32)"
31,0.8411999940872192,0.6660000085830688,"tf.Tensor(1593.5739, shape=(), dtype=float32)","tf.Tensor(1967.1128, shape=(), dtype=float32)","tf.Tensor(12285.718, shape=(), dtype=float32)","tf.Tensor(0.8174619, shape=(), dtype=float32)","tf.Tensor(0.8174619, shape=(), dtype=float32)","tf.Tensor(6.0754744e-05, shape=(), dtype=float32)","tf.Tensor(0.10051941, shape=(), dtype=float32)"
32,0.847320020198822,0.6990000009536743,"tf.Tensor(1487.9791, shape=(), dtype=float32)","tf.Tensor(1271.6272, shape=(), dtype=float32)","tf.Tensor(13080.771, shape=(), dtype=float32)","tf.Tensor(0.83357275, shape=(), dtype=float32)","tf.Tensor(0.83357275, shape=(), dtype=float32)","tf.Tensor(5.1459258e-05, shape=(), dtype=float32)","tf.Tensor(0.10051044, shape=(), dtype=float32)"
33,0.8544399738311768,0.7038000226020813,"tf.Tensor(1432.5447, shape=(), dtype=float32)","tf.Tensor(1116.8547, shape=(), dtype=float32)","tf.Tensor(13711.263, shape=(), dtype=float32)","tf.Tensor(0.84853834, shape=(), dtype=float32)","tf.Tensor(0.84853834, shape=(), dtype=float32)","tf.Tensor(6.0523915e-05, shape=(), dtype=float32)","tf.Tensor(0.099974334, shape=(), dtype=float32)"
34,0.8622999787330627,0.6579999923706055,"tf.Tensor(1672.2673, shape=(), dtype=float32)","tf.Tensor(2027.2723, shape=(), dtype=float32)","tf.Tensor(14510.543, shape=(), dtype=float32)","tf.Tensor(0.8371356, shape=(), dtype=float32)","tf.Tensor(0.8371356, shape=(), dtype=float32)","tf.Tensor(3.2205946e-05, shape=(), dtype=float32)","tf.Tensor(0.10064044, shape=(), dtype=float32)"
35,0.8666999936103821,0.6965000033378601,"tf.Tensor(1492.3615, shape=(), dtype=float32)","tf.Tensor(1162.609, shape=(), dtype=float32)","tf.Tensor(15166.961, shape=(), dtype=float32)","tf.Tensor(0.8530273, shape=(), dtype=float32)","tf.Tensor(0.8530273, shape=(), dtype=float32)","tf.Tensor(4.437317e-05, shape=(), dtype=float32)","tf.Tensor(0.100348264, shape=(), dtype=float32)"
36,0.8712800145149231,0.6991000175476074,"tf.Tensor(1439.2018, shape=(), dtype=float32)","tf.Tensor(1178.9021, shape=(), dtype=float32)","tf.Tensor(15796.169, shape=(), dtype=float32)","tf.Tensor(0.8575713, shape=(), dtype=float32)","tf.Tensor(0.8575713, shape=(), dtype=float32)","tf.Tensor(4.2498887e-05, shape=(), dtype=float32)","tf.Tensor(0.10041888, shape=(), dtype=float32)"
37,0.8750399947166443,0.703499972820282,"tf.Tensor(1544.7614, shape=(), dtype=float32)","tf.Tensor(1279.632, shape=(), dtype=float32)","tf.Tensor(17589.613, shape=(), dtype=float32)","tf.Tensor(0.866147, shape=(), dtype=float32)","tf.Tensor(0.866147, shape=(), dtype=float32)","tf.Tensor(3.254817e-05, shape=(), dtype=float32)","tf.Tensor(0.100868374, shape=(), dtype=float32)"
38,0.8838199973106384,0.6779000163078308,"tf.Tensor(1802.0878, shape=(), dtype=float32)","tf.Tensor(2144.1218, shape=(), dtype=float32)","tf.Tensor(19384.502, shape=(), dtype=float32)","tf.Tensor(0.862907, shape=(), dtype=float32)","tf.Tensor(0.862907, shape=(), dtype=float32)","tf.Tensor(2.08597e-05, shape=(), dtype=float32)","tf.Tensor(0.100576244, shape=(), dtype=float32)"
39,0.8900200128555298,0.6970000267028809,"tf.Tensor(1696.6499, shape=(), dtype=float32)","tf.Tensor(1134.4272, shape=(), dtype=float32)","tf.Tensor(19768.443, shape=(), dtype=float32)","tf.Tensor(0.87415016, shape=(), dtype=float32)","tf.Tensor(0.87415016, shape=(), dtype=float32)","tf.Tensor(2.2466738e-05, shape=(), dtype=float32)","tf.Tensor(0.10074986, shape=(), dtype=float32)"
40,0.8959000110626221,0.6825000047683716,"tf.Tensor(1770.6494, shape=(), dtype=float32)","tf.Tensor(2010.4408, shape=(), dtype=float32)","tf.Tensor(21378.824, shape=(), dtype=float32)","tf.Tensor(0.87419647, shape=(), dtype=float32)","tf.Tensor(0.87419647, shape=(), dtype=float32)","tf.Tensor(1.3009451e-05, shape=(), dtype=float32)","tf.Tensor(0.10050401, shape=(), dtype=float32)"
41,0.8982599973678589,0.6945000290870667,"tf.Tensor(1599.3716, shape=(), dtype=float32)","tf.Tensor(1163.7451, shape=(), dtype=float32)","tf.Tensor(23633.307, shape=(), dtype=float32)","tf.Tensor(0.8880267, shape=(), dtype=float32)","tf.Tensor(0.8880267, shape=(), dtype=float32)","tf.Tensor(1.3274267e-05, shape=(), dtype=float32)","tf.Tensor(0.10060285, shape=(), dtype=float32)"
42,0.9049800038337708,0.6815999746322632,"tf.Tensor(1501.6926, shape=(), dtype=float32)","tf.Tensor(1637.0632, shape=(), dtype=float32)","tf.Tensor(23622.941, shape=(), dtype=float32)","tf.Tensor(0.87998474, shape=(), dtype=float32)","tf.Tensor(0.87998474, shape=(), dtype=float32)","tf.Tensor(1.7145323e-05, shape=(), dtype=float32)","tf.Tensor(0.10120862, shape=(), dtype=float32)"
43,0.9114000201225281,0.6976000070571899,"tf.Tensor(1668.6775, shape=(), dtype=float32)","tf.Tensor(1460.0826, shape=(), dtype=float32)","tf.Tensor(26485.04, shape=(), dtype=float32)","tf.Tensor(0.8961614, shape=(), dtype=float32)","tf.Tensor(0.8961614, shape=(), dtype=float32)","tf.Tensor(6.4560586e-06, shape=(), dtype=float32)","tf.Tensor(0.10086886, shape=(), dtype=float32)"
44,0.9141600131988525,0.6847000122070312,"tf.Tensor(2018.8477, shape=(), dtype=float32)","tf.Tensor(1343.9568, shape=(), dtype=float32)","tf.Tensor(26837.781, shape=(), dtype=float32)","tf.Tensor(0.8948044, shape=(), dtype=float32)","tf.Tensor(0.8948044, shape=(), dtype=float32)","tf.Tensor(4.9437217e-06, shape=(), dtype=float32)","tf.Tensor(0.100423135, shape=(), dtype=float32)"
45,0.9200000166893005,0.6765999794006348,"tf.Tensor(1979.3867, shape=(), dtype=float32)","tf.Tensor(1629.7333, shape=(), dtype=float32)","tf.Tensor(26949.56, shape=(), dtype=float32)","tf.Tensor(0.8902977, shape=(), dtype=float32)","tf.Tensor(0.8902977, shape=(), dtype=float32)","tf.Tensor(7.67101e-06, shape=(), dtype=float32)","tf.Tensor(0.09997744, shape=(), dtype=float32)"
46,0.9235000014305115,0.6740999817848206,"tf.Tensor(1536.5464, shape=(), dtype=float32)","tf.Tensor(1628.7618, shape=(), dtype=float32)","tf.Tensor(29487.363, shape=(), dtype=float32)","tf.Tensor(0.89690477, shape=(), dtype=float32)","tf.Tensor(0.89690477, shape=(), dtype=float32)","tf.Tensor(4.969467e-06, shape=(), dtype=float32)","tf.Tensor(0.10022815, shape=(), dtype=float32)"
47,0.9304599761962891,0.6646999716758728,"tf.Tensor(2184.2805, shape=(), dtype=float32)","tf.Tensor(3563.8154, shape=(), dtype=float32)","tf.Tensor(35859.633, shape=(), dtype=float32)","tf.Tensor(0.9039838, shape=(), dtype=float32)","tf.Tensor(0.9039838, shape=(), dtype=float32)","tf.Tensor(1.4092581e-06, shape=(), dtype=float32)","tf.Tensor(0.10066474, shape=(), dtype=float32)"
48,0.9341400265693665,0.6915000081062317,"tf.Tensor(1630.8373, shape=(), dtype=float32)","tf.Tensor(1524.2402, shape=(), dtype=float32)","tf.Tensor(36843.285, shape=(), dtype=float32)","tf.Tensor(0.92696154, shape=(), dtype=float32)","tf.Tensor(0.92696154, shape=(), dtype=float32)","tf.Tensor(5.1299885e-06, shape=(), dtype=float32)","tf.Tensor(0.1008239, shape=(), dtype=float32)"
49,0.9373999834060669,0.6880000233650208,"tf.Tensor(1710.2938, shape=(), dtype=float32)","tf.Tensor(1802.0675, shape=(), dtype=float32)","tf.Tensor(39216.383, shape=(), dtype=float32)","tf.Tensor(0.9181444, shape=(), dtype=float32)","tf.Tensor(0.9181444, shape=(), dtype=float32)","tf.Tensor(9.66137e-07, shape=(), dtype=float32)","tf.Tensor(0.1003797, shape=(), dtype=float32)"
50,0.9432200193405151,0.6901000142097473,"tf.Tensor(1678.6082, shape=(), dtype=float32)","tf.Tensor(1031.6345, shape=(), dtype=float32)","tf.Tensor(39274.03, shape=(), dtype=float32)","tf.Tensor(0.93056154, shape=(), dtype=float32)","tf.Tensor(0.93056154, shape=(), dtype=float32)","tf.Tensor(2.2840911e-06, shape=(), dtype=float32)","tf.Tensor(0.1007185, shape=(), dtype=float32)"
51,0.944159984588623,0.6855999827384949,"tf.Tensor(1726.3713, shape=(), dtype=float32)","tf.Tensor(1080.1135, shape=(), dtype=float32)","tf.Tensor(41726.684, shape=(), dtype=float32)","tf.Tensor(0.9344381, shape=(), dtype=float32)","tf.Tensor(0.9344381, shape=(), dtype=float32)","tf.Tensor(1.7865437e-06, shape=(), dtype=float32)","tf.Tensor(0.10053316, shape=(), dtype=float32)"
52,0.946619987487793,0.6717000007629395,"tf.Tensor(1690.1674, shape=(), dtype=float32)","tf.Tensor(2838.8606, shape=(), dtype=float32)","tf.Tensor(42394.92, shape=(), dtype=float32)","tf.Tensor(0.92402035, shape=(), dtype=float32)","tf.Tensor(0.92402035, shape=(), dtype=float32)","tf.Tensor(1.1513721e-06, shape=(), dtype=float32)","tf.Tensor(0.10023825, shape=(), dtype=float32)"
53,0.9495199918746948,0.680899977684021,"tf.Tensor(1819.5017, shape=(), dtype=float32)","tf.Tensor(1158.1362, shape=(), dtype=float32)","tf.Tensor(43011.5, shape=(), dtype=float32)","tf.Tensor(0.9321339, shape=(), dtype=float32)","tf.Tensor(0.9321339, shape=(), dtype=float32)","tf.Tensor(9.477178e-07, shape=(), dtype=float32)","tf.Tensor(0.10024141, shape=(), dtype=float32)"
54,0.9530400037765503,0.6872000098228455,"tf.Tensor(2083.0767, shape=(), dtype=float32)","tf.Tensor(1101.201, shape=(), dtype=float32)","tf.Tensor(44429.37, shape=(), dtype=float32)","tf.Tensor(0.9399948, shape=(), dtype=float32)","tf.Tensor(0.9399948, shape=(), dtype=float32)","tf.Tensor(7.775168e-07, shape=(), dtype=float32)","tf.Tensor(0.10042752, shape=(), dtype=float32)"
55,0.9581199884414673,0.682699978351593,"tf.Tensor(1279.514, shape=(), dtype=float32)","tf.Tensor(835.3064, shape=(), dtype=float32)","tf.Tensor(49916.21, shape=(), dtype=float32)","tf.Tensor(0.95059633, shape=(), dtype=float32)","tf.Tensor(0.95059633, shape=(), dtype=float32)","tf.Tensor(3.1273103e-07, shape=(), dtype=float32)","tf.Tensor(0.100328155, shape=(), dtype=float32)"
56,0.9609799981117249,0.6777999997138977,"tf.Tensor(1748.9912, shape=(), dtype=float32)","tf.Tensor(2017.0211, shape=(), dtype=float32)","tf.Tensor(51235.812, shape=(), dtype=float32)","tf.Tensor(0.9401152, shape=(), dtype=float32)","tf.Tensor(0.9401152, shape=(), dtype=float32)","tf.Tensor(5.59125e-07, shape=(), dtype=float32)","tf.Tensor(0.1004687, shape=(), dtype=float32)"
57,0.9630799889564514,0.6729000210762024,"tf.Tensor(1793.113, shape=(), dtype=float32)","tf.Tensor(2367.5476, shape=(), dtype=float32)","tf.Tensor(53904.668, shape=(), dtype=float32)","tf.Tensor(0.93841356, shape=(), dtype=float32)","tf.Tensor(0.93841356, shape=(), dtype=float32)","tf.Tensor(5.4090515e-07, shape=(), dtype=float32)","tf.Tensor(0.10028989, shape=(), dtype=float32)"
58,0.9678400158882141,0.6797000169754028,"tf.Tensor(1956.5985, shape=(), dtype=float32)","tf.Tensor(2029.4874, shape=(), dtype=float32)","tf.Tensor(58052.3, shape=(), dtype=float32)","tf.Tensor(0.9487864, shape=(), dtype=float32)","tf.Tensor(0.9487864, shape=(), dtype=float32)","tf.Tensor(1.9455969e-07, shape=(), dtype=float32)","tf.Tensor(0.1005562, shape=(), dtype=float32)"
59,0.9628199934959412,0.6886000037193298,"tf.Tensor(1414.9702, shape=(), dtype=float32)","tf.Tensor(1090.7582, shape=(), dtype=float32)","tf.Tensor(60734.703, shape=(), dtype=float32)","tf.Tensor(0.96394753, shape=(), dtype=float32)","tf.Tensor(0.96394753, shape=(), dtype=float32)","tf.Tensor(7.979511e-08, shape=(), dtype=float32)","tf.Tensor(0.10043559, shape=(), dtype=float32)"
60,0.9676399827003479,0.6863999962806702,"tf.Tensor(1467.7251, shape=(), dtype=float32)","tf.Tensor(1196.1711, shape=(), dtype=float32)","tf.Tensor(59655.91, shape=(), dtype=float32)","tf.Tensor(0.9614806, shape=(), dtype=float32)","tf.Tensor(0.9614806, shape=(), dtype=float32)","tf.Tensor(9.130163e-08, shape=(), dtype=float32)","tf.Tensor(0.1003724, shape=(), dtype=float32)"
61,0.9729800224304199,0.6712999939918518,"tf.Tensor(2222.3555, shape=(), dtype=float32)","tf.Tensor(3267.3618, shape=(), dtype=float32)","tf.Tensor(63760.41, shape=(), dtype=float32)","tf.Tensor(0.9508488, shape=(), dtype=float32)","tf.Tensor(0.9508488, shape=(), dtype=float32)","tf.Tensor(3.2480866e-08, shape=(), dtype=float32)","tf.Tensor(0.10077054, shape=(), dtype=float32)"
62,0.9689199924468994,0.6870999932289124,"tf.Tensor(1252.4421, shape=(), dtype=float32)","tf.Tensor(844.88574, shape=(), dtype=float32)","tf.Tensor(68198.52, shape=(), dtype=float32)","tf.Tensor(0.96633035, shape=(), dtype=float32)","tf.Tensor(0.96633035, shape=(), dtype=float32)","tf.Tensor(5.488979e-08, shape=(), dtype=float32)","tf.Tensor(0.10050602, shape=(), dtype=float32)"
63,0.9747200012207031,0.6891000270843506,"tf.Tensor(1259.1105, shape=(), dtype=float32)","tf.Tensor(883.4878, shape=(), dtype=float32)","tf.Tensor(67325.81, shape=(), dtype=float32)","tf.Tensor(0.9681167, shape=(), dtype=float32)","tf.Tensor(0.9681167, shape=(), dtype=float32)","tf.Tensor(1.0042963e-07, shape=(), dtype=float32)","tf.Tensor(0.10062321, shape=(), dtype=float32)"
64,0.9768199920654297,0.6772000193595886,"tf.Tensor(1560.2137, shape=(), dtype=float32)","tf.Tensor(1246.7495, shape=(), dtype=float32)","tf.Tensor(70903.94, shape=(), dtype=float32)","tf.Tensor(0.96086335, shape=(), dtype=float32)","tf.Tensor(0.96086335, shape=(), dtype=float32)","tf.Tensor(7.193187e-08, shape=(), dtype=float32)","tf.Tensor(0.10061117, shape=(), dtype=float32)"
65,0.9768800139427185,0.6797000169754028,"tf.Tensor(1316.016, shape=(), dtype=float32)","tf.Tensor(1112.6836, shape=(), dtype=float32)","tf.Tensor(73573.51, shape=(), dtype=float32)","tf.Tensor(0.9679542, shape=(), dtype=float32)","tf.Tensor(0.9679542, shape=(), dtype=float32)","tf.Tensor(2.6658215e-08, shape=(), dtype=float32)","tf.Tensor(0.10056471, shape=(), dtype=float32)"
66,0.9754400253295898,0.6840000152587891,"tf.Tensor(1570.2302, shape=(), dtype=float32)","tf.Tensor(1919.1796, shape=(), dtype=float32)","tf.Tensor(76053.555, shape=(), dtype=float32)","tf.Tensor(0.96577334, shape=(), dtype=float32)","tf.Tensor(0.96577334, shape=(), dtype=float32)","tf.Tensor(3.785158e-08, shape=(), dtype=float32)","tf.Tensor(0.10035284, shape=(), dtype=float32)"
67,0.976859986782074,0.6897000074386597,"tf.Tensor(1116.8026, shape=(), dtype=float32)","tf.Tensor(875.0628, shape=(), dtype=float32)","tf.Tensor(80551.02, shape=(), dtype=float32)","tf.Tensor(0.9783204, shape=(), dtype=float32)","tf.Tensor(0.9783204, shape=(), dtype=float32)","tf.Tensor(4.1296243e-08, shape=(), dtype=float32)","tf.Tensor(0.10044989, shape=(), dtype=float32)"
68,0.9754199981689453,0.6527000069618225,"tf.Tensor(2509.3987, shape=(), dtype=float32)","tf.Tensor(4484.7676, shape=(), dtype=float32)","tf.Tensor(72978.336, shape=(), dtype=float32)","tf.Tensor(0.94813186, shape=(), dtype=float32)","tf.Tensor(0.94813186, shape=(), dtype=float32)","tf.Tensor(1.986969e-08, shape=(), dtype=float32)","tf.Tensor(0.09984852, shape=(), dtype=float32)"
69,0.9667400121688843,0.6722999811172485,"tf.Tensor(1459.2283, shape=(), dtype=float32)","tf.Tensor(2096.4932, shape=(), dtype=float32)","tf.Tensor(75456.89, shape=(), dtype=float32)","tf.Tensor(0.9611043, shape=(), dtype=float32)","tf.Tensor(0.9611043, shape=(), dtype=float32)","tf.Tensor(3.1050323e-08, shape=(), dtype=float32)","tf.Tensor(0.10038126, shape=(), dtype=float32)"
70,0.971560001373291,0.6866999864578247,"tf.Tensor(825.1321, shape=(), dtype=float32)","tf.Tensor(734.024, shape=(), dtype=float32)","tf.Tensor(80471.32, shape=(), dtype=float32)","tf.Tensor(0.9795282, shape=(), dtype=float32)","tf.Tensor(0.9795282, shape=(), dtype=float32)","tf.Tensor(7.921201e-09, shape=(), dtype=float32)","tf.Tensor(0.100516304, shape=(), dtype=float32)"
71,0.9771599769592285,0.6668999791145325,"tf.Tensor(2443.2708, shape=(), dtype=float32)","tf.Tensor(2542.259, shape=(), dtype=float32)","tf.Tensor(73583.91, shape=(), dtype=float32)","tf.Tensor(0.9578392, shape=(), dtype=float32)","tf.Tensor(0.9578392, shape=(), dtype=float32)","tf.Tensor(5.5196033e-08, shape=(), dtype=float32)","tf.Tensor(0.10049553, shape=(), dtype=float32)"
72,0.9767400026321411,0.6840999722480774,"tf.Tensor(1176.5907, shape=(), dtype=float32)","tf.Tensor(1444.5958, shape=(), dtype=float32)","tf.Tensor(85973.73, shape=(), dtype=float32)","tf.Tensor(0.9753086, shape=(), dtype=float32)","tf.Tensor(0.9753086, shape=(), dtype=float32)","tf.Tensor(8.7348045e-10, shape=(), dtype=float32)","tf.Tensor(0.10060172, shape=(), dtype=float32)"
73,0.9860600233078003,0.6449000239372253,"tf.Tensor(2577.7075, shape=(), dtype=float32)","tf.Tensor(7537.602, shape=(), dtype=float32)","tf.Tensor(89751.72, shape=(), dtype=float32)","tf.Tensor(0.95507973, shape=(), dtype=float32)","tf.Tensor(0.95507973, shape=(), dtype=float32)","tf.Tensor(1.8775246e-09, shape=(), dtype=float32)","tf.Tensor(0.10034227, shape=(), dtype=float32)"
74,0.9937199950218201,0.690500020980835,"tf.Tensor(146.44414, shape=(), dtype=float32)","tf.Tensor(46.21914, shape=(), dtype=float32)","tf.Tensor(98188.7, shape=(), dtype=float32)","tf.Tensor(0.9926266, shape=(), dtype=float32)","tf.Tensor(0.9926266, shape=(), dtype=float32)","tf.Tensor(9.414471e-10, shape=(), dtype=float32)","tf.Tensor(0.10051205, shape=(), dtype=float32)"
75,0.9990400075912476,0.6922000050544739,"tf.Tensor(248.87347, shape=(), dtype=float32)","tf.Tensor(11.648905, shape=(), dtype=float32)","tf.Tensor(106042.49, shape=(), dtype=float32)","tf.Tensor(0.9961753, shape=(), dtype=float32)","tf.Tensor(0.9961753, shape=(), dtype=float32)","tf.Tensor(7.263093e-10, shape=(), dtype=float32)","tf.Tensor(0.100495, shape=(), dtype=float32)"
76,1.0,0.6930000185966492,"tf.Tensor(219.56184, shape=(), dtype=float32)","tf.Tensor(3.9041426, shape=(), dtype=float32)","tf.Tensor(112992.66, shape=(), dtype=float32)","tf.Tensor(0.9973889, shape=(), dtype=float32)","tf.Tensor(0.9973889, shape=(), dtype=float32)","tf.Tensor(7.8168594e-10, shape=(), dtype=float32)","tf.Tensor(0.10050086, shape=(), dtype=float32)"
77,1.0,0.6930000185966492,"tf.Tensor(75.88724, shape=(), dtype=float32)","tf.Tensor(3.5658536, shape=(), dtype=float32)","tf.Tensor(115053.76, shape=(), dtype=float32)","tf.Tensor(0.99772954, shape=(), dtype=float32)","tf.Tensor(0.99772954, shape=(), dtype=float32)","tf.Tensor(2.7795555e-10, shape=(), dtype=float32)","tf.Tensor(0.10050356, shape=(), dtype=float32)"
78,1.0,0.6952000260353088,"tf.Tensor(165.97844, shape=(), dtype=float32)","tf.Tensor(1.8435653, shape=(), dtype=float32)","tf.Tensor(119784.34, shape=(), dtype=float32)","tf.Tensor(0.9981014, shape=(), dtype=float32)","tf.Tensor(0.9981014, shape=(), dtype=float32)","tf.Tensor(2.5800534e-10, shape=(), dtype=float32)","tf.Tensor(0.10050056, shape=(), dtype=float32)"
79,1.0,0.6937999725341797,"tf.Tensor(152.20036, shape=(), dtype=float32)","tf.Tensor(1.5467042, shape=(), dtype=float32)","tf.Tensor(122673.27, shape=(), dtype=float32)","tf.Tensor(0.99829876, shape=(), dtype=float32)","tf.Tensor(0.99829876, shape=(), dtype=float32)","tf.Tensor(2.9521818e-10, shape=(), dtype=float32)","tf.Tensor(0.100500874, shape=(), dtype=float32)"
80,1.0,0.6941999793052673,"tf.Tensor(1.1739489, shape=(), dtype=float32)","tf.Tensor(1.1739489, shape=(), dtype=float32)","tf.Tensor(123347.26, shape=(), dtype=float32)","tf.Tensor(0.99847484, shape=(), dtype=float32)","tf.Tensor(0.99847484, shape=(), dtype=float32)","tf.Tensor(2.396561e-10, shape=(), dtype=float32)","tf.Tensor(0.10050299, shape=(), dtype=float32)"
81,1.0,0.6945000290870667,"tf.Tensor(221.52307, shape=(), dtype=float32)","tf.Tensor(1.0587419, shape=(), dtype=float32)","tf.Tensor(126582.04, shape=(), dtype=float32)","tf.Tensor(0.9985782, shape=(), dtype=float32)","tf.Tensor(0.9985782, shape=(), dtype=float32)","tf.Tensor(1.8783712e-10, shape=(), dtype=float32)","tf.Tensor(0.100501165, shape=(), dtype=float32)"
82,1.0,0.6935999989509583,"tf.Tensor(0.9675123, shape=(), dtype=float32)","tf.Tensor(0.9675123, shape=(), dtype=float32)","tf.Tensor(128490.43, shape=(), dtype=float32)","tf.Tensor(0.99864525, shape=(), dtype=float32)","tf.Tensor(0.99864525, shape=(), dtype=float32)","tf.Tensor(1.6033885e-10, shape=(), dtype=float32)","tf.Tensor(0.10050116, shape=(), dtype=float32)"
83,1.0,0.6945000290870667,"tf.Tensor(1.0183235, shape=(), dtype=float32)","tf.Tensor(1.0183235, shape=(), dtype=float32)","tf.Tensor(127361.31, shape=(), dtype=float32)","tf.Tensor(0.99867016, shape=(), dtype=float32)","tf.Tensor(0.99867016, shape=(), dtype=float32)","tf.Tensor(1.529971e-10, shape=(), dtype=float32)","tf.Tensor(0.100500636, shape=(), dtype=float32)"
84,1.0,0.6955999732017517,"tf.Tensor(81.95541, shape=(), dtype=float32)","tf.Tensor(0.8201257, shape=(), dtype=float32)","tf.Tensor(128506.82, shape=(), dtype=float32)","tf.Tensor(0.998766, shape=(), dtype=float32)","tf.Tensor(0.998766, shape=(), dtype=float32)","tf.Tensor(1.0518218e-10, shape=(), dtype=float32)","tf.Tensor(0.100502975, shape=(), dtype=float32)"
85,1.0,0.6944000124931335,"tf.Tensor(88.068665, shape=(), dtype=float32)","tf.Tensor(0.68817973, shape=(), dtype=float32)","tf.Tensor(134701.75, shape=(), dtype=float32)","tf.Tensor(0.99885917, shape=(), dtype=float32)","tf.Tensor(0.99885917, shape=(), dtype=float32)","tf.Tensor(1.14664014e-10, shape=(), dtype=float32)","tf.Tensor(0.100502, shape=(), dtype=float32)"
86,1.0,0.6938999891281128,"tf.Tensor(0.7202177, shape=(), dtype=float32)","tf.Tensor(0.7202177, shape=(), dtype=float32)","tf.Tensor(132703.17, shape=(), dtype=float32)","tf.Tensor(0.99887806, shape=(), dtype=float32)","tf.Tensor(0.99887806, shape=(), dtype=float32)","tf.Tensor(1.0062074e-10, shape=(), dtype=float32)","tf.Tensor(0.100502476, shape=(), dtype=float32)"
87,1.0,0.6938999891281128,"tf.Tensor(0.5888947, shape=(), dtype=float32)","tf.Tensor(0.5888947, shape=(), dtype=float32)","tf.Tensor(136252.95, shape=(), dtype=float32)","tf.Tensor(0.9989461, shape=(), dtype=float32)","tf.Tensor(0.9989461, shape=(), dtype=float32)","tf.Tensor(1.0287624e-10, shape=(), dtype=float32)","tf.Tensor(0.1005013, shape=(), dtype=float32)"
88,1.0,0.694100022315979,"tf.Tensor(45.31959, shape=(), dtype=float32)","tf.Tensor(0.5553248, shape=(), dtype=float32)","tf.Tensor(134289.27, shape=(), dtype=float32)","tf.Tensor(0.99899864, shape=(), dtype=float32)","tf.Tensor(0.99899864, shape=(), dtype=float32)","tf.Tensor(7.631408e-11, shape=(), dtype=float32)","tf.Tensor(0.10050244, shape=(), dtype=float32)"
89,1.0,0.6952999830245972,"tf.Tensor(172.35703, shape=(), dtype=float32)","tf.Tensor(0.51556414, shape=(), dtype=float32)","tf.Tensor(138439.25, shape=(), dtype=float32)","tf.Tensor(0.99903405, shape=(), dtype=float32)","tf.Tensor(0.99903405, shape=(), dtype=float32)","tf.Tensor(7.3111225e-11, shape=(), dtype=float32)","tf.Tensor(0.10050231, shape=(), dtype=float32)"
90,1.0,0.6951000094413757,"tf.Tensor(60.435055, shape=(), dtype=float32)","tf.Tensor(0.45366403, shape=(), dtype=float32)","tf.Tensor(138540.6, shape=(), dtype=float32)","tf.Tensor(0.99909294, shape=(), dtype=float32)","tf.Tensor(0.99909294, shape=(), dtype=float32)","tf.Tensor(8.209969e-11, shape=(), dtype=float32)","tf.Tensor(0.10050197, shape=(), dtype=float32)"
91,1.0,0.6937999725341797,"tf.Tensor(53.72567, shape=(), dtype=float32)","tf.Tensor(0.45132348, shape=(), dtype=float32)","tf.Tensor(137169.45, shape=(), dtype=float32)","tf.Tensor(0.99910927, shape=(), dtype=float32)","tf.Tensor(0.99910927, shape=(), dtype=float32)","tf.Tensor(6.1656305e-11, shape=(), dtype=float32)","tf.Tensor(0.100501046, shape=(), dtype=float32)"
92,1.0,0.6942999958992004,"tf.Tensor(60.923763, shape=(), dtype=float32)","tf.Tensor(0.4469164, shape=(), dtype=float32)","tf.Tensor(140160.86, shape=(), dtype=float32)","tf.Tensor(0.9991303, shape=(), dtype=float32)","tf.Tensor(0.9991303, shape=(), dtype=float32)","tf.Tensor(7.238414e-11, shape=(), dtype=float32)","tf.Tensor(0.10050085, shape=(), dtype=float32)"
93,1.0,0.695900022983551,"tf.Tensor(0.39252564, shape=(), dtype=float32)","tf.Tensor(0.39252564, shape=(), dtype=float32)","tf.Tensor(137689.12, shape=(), dtype=float32)","tf.Tensor(0.99916506, shape=(), dtype=float32)","tf.Tensor(0.99916506, shape=(), dtype=float32)","tf.Tensor(4.936228e-11, shape=(), dtype=float32)","tf.Tensor(0.10050145, shape=(), dtype=float32)"
94,1.0,0.6948999762535095,"tf.Tensor(362.76422, shape=(), dtype=float32)","tf.Tensor(0.3473998, shape=(), dtype=float32)","tf.Tensor(142357.58, shape=(), dtype=float32)","tf.Tensor(0.9992133, shape=(), dtype=float32)","tf.Tensor(0.9992133, shape=(), dtype=float32)","tf.Tensor(5.5824918e-11, shape=(), dtype=float32)","tf.Tensor(0.100501455, shape=(), dtype=float32)"
95,1.0,0.6955000162124634,"tf.Tensor(0.33495206, shape=(), dtype=float32)","tf.Tensor(0.33495206, shape=(), dtype=float32)","tf.Tensor(141383.06, shape=(), dtype=float32)","tf.Tensor(0.99923545, shape=(), dtype=float32)","tf.Tensor(0.99923545, shape=(), dtype=float32)","tf.Tensor(6.464249e-11, shape=(), dtype=float32)","tf.Tensor(0.100501716, shape=(), dtype=float32)"
96,1.0,0.6948000192642212,"tf.Tensor(79.89603, shape=(), dtype=float32)","tf.Tensor(0.31058982, shape=(), dtype=float32)","tf.Tensor(143978.52, shape=(), dtype=float32)","tf.Tensor(0.9992543, shape=(), dtype=float32)","tf.Tensor(0.9992543, shape=(), dtype=float32)","tf.Tensor(4.6132542e-11, shape=(), dtype=float32)","tf.Tensor(0.100502364, shape=(), dtype=float32)"
97,1.0,0.6951000094413757,"tf.Tensor(80.43405, shape=(), dtype=float32)","tf.Tensor(0.30156848, shape=(), dtype=float32)","tf.Tensor(144821.84, shape=(), dtype=float32)","tf.Tensor(0.9992712, shape=(), dtype=float32)","tf.Tensor(0.9992712, shape=(), dtype=float32)","tf.Tensor(5.072675e-11, shape=(), dtype=float32)","tf.Tensor(0.10050177, shape=(), dtype=float32)"
98,1.0,0.6955999732017517,"tf.Tensor(0.27791777, shape=(), dtype=float32)","tf.Tensor(0.27791777, shape=(), dtype=float32)","tf.Tensor(147815.78, shape=(), dtype=float32)","tf.Tensor(0.9992986, shape=(), dtype=float32)","tf.Tensor(0.9992986, shape=(), dtype=float32)","tf.Tensor(4.646136e-11, shape=(), dtype=float32)","tf.Tensor(0.10050175, shape=(), dtype=float32)"
99,1.0,0.6956999897956848,"tf.Tensor(104.06992, shape=(), dtype=float32)","tf.Tensor(0.28057188, shape=(), dtype=float32)","tf.Tensor(148386.55, shape=(), dtype=float32)","tf.Tensor(0.99931383, shape=(), dtype=float32)","tf.Tensor(0.99931383, shape=(), dtype=float32)","tf.Tensor(4.648532e-11, shape=(), dtype=float32)","tf.Tensor(0.100501485, shape=(), dtype=float32)"
100,1.0,0.6953999996185303,"tf.Tensor(0.25141716, shape=(), dtype=float32)","tf.Tensor(0.25141716, shape=(), dtype=float32)","tf.Tensor(151214.25, shape=(), dtype=float32)","tf.Tensor(0.99933714, shape=(), dtype=float32)","tf.Tensor(0.99933714, shape=(), dtype=float32)","tf.Tensor(3.831281e-11, shape=(), dtype=float32)","tf.Tensor(0.10050191, shape=(), dtype=float32)"
